cm_00,cm_01,cm_02,cm_10,cm_11,cm_12,cm_20,cm_21,cm_22,dc_0,dc_1,dc_2,dc_3,dc_4,
561.489,0,319.603,0,561.489,239.845,0,0,1,0.127695,-0.392719,-0.00430358,-0.00115244,0.412557,